"MCODE::Clusters (1)","MCODE::Clusters (2)","MCODE::Node Status (1)","MCODE::Node Status (2)","MCODE::Score (1)","MCODE::Score (2)","name","selected","shared name"
"Cluster 1","Cluster 1","Clustered","Seed","32.29587482219061","32.29587482219061","""9606.ENSP00000484841""","true","""9606.ENSP00000484841"""
"Cluster 1","Cluster 1","Clustered","Clustered","32.29587482219061","32.29587482219061","""9606.ENSP00000484789""","true","""9606.ENSP00000484789"""
"Cluster 1","Cluster 1","Clustered","Clustered","32.29587482219061","32.29587482219061","""9606.ENSP00000484658""","true","""9606.ENSP00000484658"""
"Cluster 1","Cluster 1","Clustered","Clustered","32.29587482219061","32.29587482219061","""9606.ENSP00000484638""","true","""9606.ENSP00000484638"""
"Cluster 1","Cluster 1","Clustered","Clustered","32.29587482219061","32.29587482219061","""9606.ENSP00000484095""","true","""9606.ENSP00000484095"""
"","","Unclustered","Unclustered","1.0","1.0","""9606.ENSP00000260453""","false","""9606.ENSP00000260453"""
"Cluster 9","","Clustered","Unclustered","1.6666666666666667","1.6666666666666667","""9606.ENSP00000483356""","false","""9606.ENSP00000483356"""
"Cluster 1","Cluster 1","Clustered","Clustered","32.29587482219061","32.29587482219061","""9606.ENSP00000483283""","true","""9606.ENSP00000483283"""
"Cluster 1","Cluster 1","Clustered","Clustered","31.644444444444446","31.644444444444446","""9606.ENSP00000483237""","true","""9606.ENSP00000483237"""
"Cluster 1","Cluster 1","Clustered","Clustered","30.36031746031746","30.36031746031746","""9606.ENSP00000482674""","true","""9606.ENSP00000482674"""
"Cluster 1","Cluster 1","Clustered","Clustered","32.29587482219061","32.29587482219061","""9606.ENSP00000482271""","true","""9606.ENSP00000482271"""
"","","Unclustered","Unclustered","1.0","1.0","""9606.ENSP00000482093""","false","""9606.ENSP00000482093"""
"","","Unclustered","Unclustered","1.0","1.0","""9606.ENSP00000481994""","false","""9606.ENSP00000481994"""
"Cluster 1","Cluster 1","Clustered","Clustered","32.29587482219061","32.29587482219061","""9606.ENSP00000481486""","true","""9606.ENSP00000481486"""
"Cluster 3","","Clustered","Unclustered","15.27127659574468","15.27127659574468","""9606.ENSP00000480987""","false","""9606.ENSP00000480987"""
"Cluster 1","Cluster 1","Clustered","Clustered","32.29587482219061","32.29587482219061","""9606.ENSP00000480960""","true","""9606.ENSP00000480960"""
"Cluster 1","Cluster 1","Clustered","Clustered","32.29587482219061","32.29587482219061","""9606.ENSP00000480826""","true","""9606.ENSP00000480826"""
"Cluster 1","Cluster 1","Clustered","Clustered","32.29587482219061","32.29587482219061","""9606.ENSP00000479794""","true","""9606.ENSP00000479794"""
"Cluster 4","","Clustered","Unclustered","12.624584717607974","12.624584717607974","""9606.ENSP00000479617""","false","""9606.ENSP00000479617"""
"","","Unclustered","Unclustered","1.0","1.0","""9606.ENSP00000479518""","false","""9606.ENSP00000479518"""
"Cluster 1","Cluster 1","Clustered","Clustered","32.29587482219061","32.29587482219061","""9606.ENSP00000479461""","true","""9606.ENSP00000479461"""
"Cluster 1","Cluster 1","Clustered","Clustered","32.29587482219061","32.29587482219061","""9606.ENSP00000479106""","true","""9606.ENSP00000479106"""
"","","Unclustered","Unclustered","2.0","2.0","""9606.ENSP00000478179""","false","""9606.ENSP00000478179"""
"","","Unclustered","Unclustered","0.3333333333333333","0.3333333333333333","""9606.ENSP00000477848""","false","""9606.ENSP00000477848"""
"Cluster 9","","Clustered","Unclustered","2.0","2.0","""9606.ENSP00000477654""","false","""9606.ENSP00000477654"""
"Cluster 1","Cluster 1","Clustered","Clustered","30.31111111111111","30.31111111111111","""9606.ENSP00000476136""","true","""9606.ENSP00000476136"""
"","","Unclustered","Unclustered","2.0","2.0","""9606.ENSP00000475489""","false","""9606.ENSP00000475489"""
"","","Unclustered","Unclustered","4.523809523809524","4.523809523809524","""9606.ENSP00000463154""","false","""9606.ENSP00000463154"""
"Cluster 1","Cluster 1","Clustered","Clustered","32.29587482219061","32.29587482219061","""9606.ENSP00000462667""","true","""9606.ENSP00000462667"""
"Cluster 1","Cluster 1","Clustered","Clustered","32.29587482219061","32.29587482219061","""9606.ENSP00000462355""","true","""9606.ENSP00000462355"""
"Cluster 3","","Clustered","Unclustered","16.929268292682927","16.929268292682927","""9606.ENSP00000450607""","false","""9606.ENSP00000450607"""
"","","Unclustered","Unclustered","1.0","1.0","""9606.ENSP00000447488""","false","""9606.ENSP00000447488"""
"","","Unclustered","Unclustered","0.6666666666666666","0.6666666666666666","""9606.ENSP00000447006""","false","""9606.ENSP00000447006"""
"","","Unclustered","Unclustered","1.0","1.0","""9606.ENSP00000399013""","false","""9606.ENSP00000399013"""
"Cluster 1","Cluster 1","Clustered","Clustered","29.829545454545453","29.829545454545453","""9606.ENSP00000445831""","true","""9606.ENSP00000445831"""
"Cluster 1","Cluster 1","Clustered","Clustered","31.784873949579833","31.784873949579833","""9606.ENSP00000445633""","true","""9606.ENSP00000445633"""
"","","Unclustered","Unclustered","0.6666666666666666","0.6666666666666666","""9606.ENSP00000443647""","false","""9606.ENSP00000443647"""
"Cluster 1","Cluster 1","Clustered","Clustered","32.29587482219061","32.29587482219061","""9606.ENSP00000443017""","true","""9606.ENSP00000443017"""
"Cluster 4","","Clustered","Unclustered","11.3","11.3","""9606.ENSP00000442068""","false","""9606.ENSP00000442068"""
"","","Unclustered","Unclustered","5.0","5.0","""9606.ENSP00000439056""","false","""9606.ENSP00000439056"""
"Cluster 1","Cluster 1","Clustered","Clustered","31.32732732732733","31.32732732732733","""9606.ENSP00000434024""","true","""9606.ENSP00000434024"""
"Cluster 3","","Clustered","Unclustered","16.02857142857143","16.02857142857143","""9606.ENSP00000433681""","false","""9606.ENSP00000433681"""
"","","Unclustered","Unclustered","0.6666666666666666","0.6666666666666666","""9606.ENSP00000429633""","false","""9606.ENSP00000429633"""
"","","Unclustered","Unclustered","1.0","1.0","""9606.ENSP00000427844""","false","""9606.ENSP00000427844"""
"","","Unclustered","Unclustered","6.0","6.0","""9606.ENSP00000427550""","false","""9606.ENSP00000427550"""
"","","Unclustered","Unclustered","1.6666666666666667","1.6666666666666667","""9606.ENSP00000424737""","false","""9606.ENSP00000424737"""
"Cluster 11|Cluster 13","","Clustered","Unclustered","2.0","2.0","""9606.ENSP00000422591""","false","""9606.ENSP00000422591"""
"","","Unclustered","Unclustered","5.571428571428571","5.571428571428571","""9606.ENSP00000420588""","false","""9606.ENSP00000420588"""
"Cluster 4","","Clustered","Unclustered","12.294930875576037","12.294930875576037","""9606.ENSP00000418960""","false","""9606.ENSP00000418960"""
"","","Unclustered","Unclustered","1.0","1.0","""9606.ENSP00000418944""","false","""9606.ENSP00000418944"""
"","","Unclustered","Unclustered","1.0","1.0","""9606.ENSP00000360020""","false","""9606.ENSP00000360020"""
"Cluster 5","","Clustered","Unclustered","4.0","4.0","""9606.ENSP00000418563""","false","""9606.ENSP00000418563"""
"","","Unclustered","Unclustered","1.0","1.0","""9606.ENSP00000411816""","false","""9606.ENSP00000411816"""
"","","Unclustered","Unclustered","3.7333333333333334","3.7333333333333334","""9606.ENSP00000410811""","false","""9606.ENSP00000410811"""
"","","Unclustered","Unclustered","3.466666666666667","3.466666666666667","""9606.ENSP00000410452""","false","""9606.ENSP00000410452"""
"","","Unclustered","Unclustered","0.5","0.5","""9606.ENSP00000410396""","false","""9606.ENSP00000410396"""
"","","Unclustered","Unclustered","1.0","1.0","""9606.ENSP00000260327""","false","""9606.ENSP00000260327"""
"Cluster 2","","Clustered","Unclustered","19.60483870967742","19.60483870967742","""9606.ENSP00000408295""","false","""9606.ENSP00000408295"""
"","","Unclustered","Unclustered","4.0","4.0","""9606.ENSP00000401564""","false","""9606.ENSP00000401564"""
"Cluster 4","","Clustered","Unclustered","12.674999999999999","12.674999999999999","""9606.ENSP00000396308""","false","""9606.ENSP00000396308"""
"","","Unclustered","Unclustered","3.888888888888889","3.888888888888889","""9606.ENSP00000389810""","false","""9606.ENSP00000389810"""
"","","Unclustered","Unclustered","25.0","25.0","""9606.ENSP00000386239""","true","""9606.ENSP00000386239"""
"","","Unclustered","Unclustered","2.0","2.0","""9606.ENSP00000385510""","false","""9606.ENSP00000385510"""
"Cluster 8","","Clustered","Unclustered","3.238095238095238","3.238095238095238","""9606.ENSP00000385215""","false","""9606.ENSP00000385215"""
"Cluster 4","","Clustered","Unclustered","12.241666666666667","12.241666666666667","""9606.ENSP00000385021""","false","""9606.ENSP00000385021"""
"","","Unclustered","Unclustered","9.420289855072463","9.420289855072463","""9606.ENSP00000384048""","false","""9606.ENSP00000384048"""
"","","Unclustered","Unclustered","1.4","1.4","""9606.ENSP00000383808""","false","""9606.ENSP00000383808"""
"","","Unclustered","Unclustered","1.0","1.0","""9606.ENSP00000381549""","false","""9606.ENSP00000381549"""
"","","Unclustered","Unclustered","1.0","1.0","""9606.ENSP00000381504""","false","""9606.ENSP00000381504"""
"","","Unclustered","Unclustered","0.6666666666666666","0.6666666666666666","""9606.ENSP00000381382""","false","""9606.ENSP00000381382"""
"","","Unclustered","Unclustered","6.88235294117647","6.88235294117647","""9606.ENSP00000380414""","false","""9606.ENSP00000380414"""
"","","Unclustered","Unclustered","0.6666666666666666","0.6666666666666666","""9606.ENSP00000379616""","false","""9606.ENSP00000379616"""
"","","Unclustered","Unclustered","0.6666666666666666","0.6666666666666666","""9606.ENSP00000358677""","false","""9606.ENSP00000358677"""
"Cluster 4","","Clustered","Unclustered","12.853801169590643","12.853801169590643","""9606.ENSP00000378295""","false","""9606.ENSP00000378295"""
"","","Unclustered","Unclustered","1.0","1.0","""9606.ENSP00000378235""","false","""9606.ENSP00000378235"""
"Cluster 2","","Clustered","Unclustered","17.923333333333332","17.923333333333332","""9606.ENSP00000377793""","false","""9606.ENSP00000377793"""
"","","Unclustered","Unclustered","7.0","7.0","""9606.ENSP00000377384""","false","""9606.ENSP00000377384"""
"Cluster 4","","Clustered","Unclustered","10.431372549019608","10.431372549019608","""9606.ENSP00000376952""","false","""9606.ENSP00000376952"""
"Cluster 3","","Clustered","Unclustered","14.891774891774892","14.891774891774892","""9606.ENSP00000376457""","false","""9606.ENSP00000376457"""
"Cluster 10","","Clustered","Unclustered","3.0","3.0","""9606.ENSP00000374354""","false","""9606.ENSP00000374354"""
"Cluster 4","","Clustered","Unclustered","12.231578947368423","12.231578947368423","""9606.ENSP00000373952""","false","""9606.ENSP00000373952"""
"Cluster 7","","Clustered","Unclustered","5.2","5.2","""9606.ENSP00000371308""","false","""9606.ENSP00000371308"""
"Cluster 8","","Clustered","Unclustered","3.5999999999999996","3.5999999999999996","""9606.ENSP00000370803""","false","""9606.ENSP00000370803"""
"","","Unclustered","Unclustered","2.7","2.7","""9606.ENSP00000370460""","false","""9606.ENSP00000370460"""
"Cluster 7","","Clustered","Unclustered","5.2","5.2","""9606.ENSP00000370337""","false","""9606.ENSP00000370337"""
"","","Unclustered","Unclustered","17.0","17.0","""9606.ENSP00000370109""","false","""9606.ENSP00000370109"""
"","","Unclustered","Unclustered","5.785714285714286","5.785714285714286","""9606.ENSP00000370021""","false","""9606.ENSP00000370021"""
"","","Unclustered","Unclustered","2.0","2.0","""9606.ENSP00000369887""","false","""9606.ENSP00000369887"""
"Cluster 10","","Clustered","Unclustered","3.0","3.0","""9606.ENSP00000369757""","false","""9606.ENSP00000369757"""
"","","Unclustered","Unclustered","1.0","1.0","""9606.ENSP00000351475""","false","""9606.ENSP00000351475"""
"Cluster 12|Cluster 14","","Clustered","Unclustered","2.0","2.0","""9606.ENSP00000369154""","false","""9606.ENSP00000369154"""
"","","Unclustered","Unclustered","1.0666666666666667","1.0666666666666667","""9606.ENSP00000369127""","false","""9606.ENSP00000369127"""
"Cluster 10","","Seed","Unclustered","3.0","3.0","""9606.ENSP00000368984""","false","""9606.ENSP00000368984"""
"","","Unclustered","Unclustered","1.6666666666666667","1.6666666666666667","""9606.ENSP00000368565""","false","""9606.ENSP00000368565"""
"","","Unclustered","Unclustered","1.0","1.0","""9606.ENSP00000358909""","false","""9606.ENSP00000358909"""
"Cluster 8","","Clustered","Unclustered","3.238095238095238","3.238095238095238","""9606.ENSP00000368464""","false","""9606.ENSP00000368464"""
"","","Unclustered","Unclustered","1.0","1.0","""9606.ENSP00000345848""","false","""9606.ENSP00000345848"""
"Cluster 2","","Clustered","Unclustered","17.780748663101605","17.780748663101605","""9606.ENSP00000368458""","false","""9606.ENSP00000368458"""
"Cluster 2","","Clustered","Unclustered","18.63529411764706","18.63529411764706","""9606.ENSP00000368349""","false","""9606.ENSP00000368349"""
"Cluster 2","","Clustered","Unclustered","19.241379310344826","19.241379310344826","""9606.ENSP00000368164""","false","""9606.ENSP00000368164"""
"Cluster 4","","Clustered","Unclustered","11.2","11.2","""9606.ENSP00000367910""","false","""9606.ENSP00000367910"""
"Cluster 1","Cluster 1","Clustered","Clustered","32.29587482219061","32.29587482219061","""9606.ENSP00000367034""","true","""9606.ENSP00000367034"""
"","","Unclustered","Unclustered","0.6666666666666666","0.6666666666666666","""9606.ENSP00000367028""","false","""9606.ENSP00000367028"""
"Cluster 1","Cluster 1","Clustered","Clustered","32.29587482219061","32.29587482219061","""9606.ENSP00000366999""","true","""9606.ENSP00000366999"""
"Cluster 1","Cluster 1","Clustered","Clustered","32.29587482219061","32.29587482219061","""9606.ENSP00000366974""","true","""9606.ENSP00000366974"""
"Cluster 1","Cluster 1","Clustered","Clustered","32.29587482219061","32.29587482219061","""9606.ENSP00000366962""","true","""9606.ENSP00000366962"""
"Cluster 1","Cluster 1","Clustered","Clustered","32.29587482219061","32.29587482219061","""9606.ENSP00000366956""","true","""9606.ENSP00000366956"""
"Cluster 1","Cluster 1","Clustered","Clustered","30.029871977240397","30.029871977240397","""9606.ENSP00000366618""","true","""9606.ENSP00000366618"""
"","","Unclustered","Unclustered","1.6666666666666667","1.6666666666666667","""9606.ENSP00000365782""","false","""9606.ENSP00000365782"""
"","","Unclustered","Unclustered","1.0","1.0","""9606.ENSP00000358815""","false","""9606.ENSP00000358815"""
"","","Unclustered","Unclustered","1.0","1.0","""9606.ENSP00000304676""","false","""9606.ENSP00000304676"""
"Cluster 12|Cluster 14","","Clustered","Unclustered","2.0","2.0","""9606.ENSP00000365280""","false","""9606.ENSP00000365280"""
"","","Unclustered","Unclustered","1.6666666666666667","1.6666666666666667","""9606.ENSP00000365107""","false","""9606.ENSP00000365107"""
"Cluster 13|Cluster 11","","Clustered","Unclustered","1.6666666666666667","1.6666666666666667","""9606.ENSP00000364700""","false","""9606.ENSP00000364700"""
"Cluster 5","","Clustered","Unclustered","4.761904761904762","4.761904761904762","""9606.ENSP00000363745""","false","""9606.ENSP00000363745"""
"Cluster 2","","Clustered","Unclustered","17.657142857142855","17.657142857142855","""9606.ENSP00000363286""","false","""9606.ENSP00000363286"""
"Cluster 7","","Clustered","Unclustered","5.0","5.0","""9606.ENSP00000362962""","false","""9606.ENSP00000362962"""
"","","Unclustered","Unclustered","10.057142857142857","10.057142857142857","""9606.ENSP00000362937""","false","""9606.ENSP00000362937"""
"","","Unclustered","Unclustered","13.359477124183007","13.359477124183007","""9606.ENSP00000362041""","false","""9606.ENSP00000362041"""
"Cluster 2","","Seed","Unclustered","22.0","22.0","""9606.ENSP00000362018""","false","""9606.ENSP00000362018"""
"Cluster 5","","Clustered","Unclustered","5.0","5.0","""9606.ENSP00000361433""","false","""9606.ENSP00000361433"""
"","","Unclustered","Unclustered","1.0","1.0","""9606.ENSP00000360170""","false","""9606.ENSP00000360170"""
"","","Unclustered","Unclustered","1.0","1.0","""9606.ENSP00000354995""","false","""9606.ENSP00000354995"""
"","","Unclustered","Unclustered","10.0","10.0","""9606.ENSP00000360133""","false","""9606.ENSP00000360133"""
"","","Unclustered","Unclustered","2.7","2.7","""9606.ENSP00000359393""","false","""9606.ENSP00000359393"""
"","","Unclustered","Unclustered","1.4","1.4","""9606.ENSP00000358854""","false","""9606.ENSP00000358854"""
"Cluster 11|Cluster 13","","Clustered","Unclustered","2.0","2.0","""9606.ENSP00000358309""","false","""9606.ENSP00000358309"""
"Cluster 1","Cluster 1","Clustered","Clustered","32.29587482219061","32.29587482219061","""9606.ENSP00000358160""","true","""9606.ENSP00000358160"""
"","","Unclustered","Unclustered","1.0","1.0","""9606.ENSP00000345656""","false","""9606.ENSP00000345656"""
"","","Unclustered","Unclustered","0.5","0.5","""9606.ENSP00000358142""","false","""9606.ENSP00000358142"""
"","","Unclustered","Unclustered","2.242424242424242","2.242424242424242","""9606.ENSP00000356448""","false","""9606.ENSP00000356448"""
"","","Unclustered","Unclustered","1.0666666666666667","1.0666666666666667","""9606.ENSP00000355812""","false","""9606.ENSP00000355812"""
"Cluster 6","","Clustered","Unclustered","21.45846153846154","21.45846153846154","""9606.ENSP00000355759""","false","""9606.ENSP00000355759"""
"","","Unclustered","Unclustered","2.0","2.0","""9606.ENSP00000355022""","false","""9606.ENSP00000355022"""
"Cluster 2","","Clustered","Unclustered","19.76284584980237","19.76284584980237","""9606.ENSP00000354720""","false","""9606.ENSP00000354720"""
"","","Unclustered","Unclustered","6.0","6.0","""9606.ENSP00000354361""","false","""9606.ENSP00000354361"""
"Cluster 2","","Clustered","Unclustered","19.60483870967742","19.60483870967742","""9606.ENSP00000353793""","false","""9606.ENSP00000353793"""
"","","Unclustered","Unclustered","1.0","1.0","""9606.ENSP00000262150""","false","""9606.ENSP00000262150"""
"","","Unclustered","Unclustered","0.5","0.5","""9606.ENSP00000353377""","false","""9606.ENSP00000353377"""
"Cluster 1","Cluster 1","Clustered","Clustered","30.0","30.0","""9606.ENSP00000352516""","true","""9606.ENSP00000352516"""
"Cluster 1","Cluster 1","Clustered","Clustered","32.29587482219061","32.29587482219061","""9606.ENSP00000352252""","true","""9606.ENSP00000352252"""
"Cluster 6","","Clustered","Unclustered","20.75098814229249","20.75098814229249","""9606.ENSP00000351185""","false","""9606.ENSP00000351185"""
"Cluster 2","","Clustered","Unclustered","19.058823529411764","19.058823529411764","""9606.ENSP00000349961""","false","""9606.ENSP00000349961"""
"Cluster 1","Cluster 1","Clustered","Clustered","31.784873949579833","31.784873949579833","""9606.ENSP00000348924""","true","""9606.ENSP00000348924"""
"","","Unclustered","Unclustered","10.0","10.0","""9606.ENSP00000348527""","false","""9606.ENSP00000348527"""
"Cluster 1","Cluster 1","Clustered","Clustered","32.29587482219061","32.29587482219061","""9606.ENSP00000347168""","true","""9606.ENSP00000347168"""
"Cluster 1","Cluster 1","Clustered","Clustered","26.0","26.0","""9606.ENSP00000346997""","true","""9606.ENSP00000346997"""
"Cluster 4","","Clustered","Unclustered","10.516483516483516","10.516483516483516","""9606.ENSP00000345571""","false","""9606.ENSP00000345571"""
"Cluster 13|Cluster 11","","Clustered","Unclustered","2.0","2.0","""9606.ENSP00000344758""","false","""9606.ENSP00000344758"""
"","","Unclustered","Unclustered","0.6666666666666666","0.6666666666666666","""9606.ENSP00000258399""","false","""9606.ENSP00000258399"""
"","","Unclustered","Unclustered","8.8","8.8","""9606.ENSP00000343526""","false","""9606.ENSP00000343526"""
"Cluster 7","","Seed","Unclustered","5.333333333333333","5.333333333333333","""9606.ENSP00000342510""","false","""9606.ENSP00000342510"""
"Cluster 2","","Clustered","Unclustered","19.76284584980237","19.76284584980237","""9606.ENSP00000342434""","false","""9606.ENSP00000342434"""
"","","Unclustered","Unclustered","0.6666666666666666","0.6666666666666666","""9606.ENSP00000341170""","false","""9606.ENSP00000341170"""
"","","Unclustered","Unclustered","0.5","0.5","""9606.ENSP00000340279""","false","""9606.ENSP00000340279"""
"","","Unclustered","Unclustered","1.6666666666666667","1.6666666666666667","""9606.ENSP00000264935""","false","""9606.ENSP00000264935"""
"","","Unclustered","Unclustered","14.889705882352942","14.889705882352942","""9606.ENSP00000340271""","false","""9606.ENSP00000340271"""
"","","Unclustered","Unclustered","5.0","5.0","""9606.ENSP00000339883""","false","""9606.ENSP00000339883"""
"Cluster 1","Cluster 1","Clustered","Clustered","30.83422459893048","30.83422459893048","""9606.ENSP00000339566""","true","""9606.ENSP00000339566"""
"","","Unclustered","Unclustered","2.0","2.0","""9606.ENSP00000334040""","false","""9606.ENSP00000334040"""
"","","Unclustered","Unclustered","7.5636363636363635","7.5636363636363635","""9606.ENSP00000332915""","false","""9606.ENSP00000332915"""
"Cluster 1","Cluster 1","Clustered","Clustered","31.32732732732733","31.32732732732733","""9606.ENSP00000332790""","true","""9606.ENSP00000332790"""
"Cluster 9","","Seed","Unclustered","2.0","2.0","""9606.ENSP00000330240""","false","""9606.ENSP00000330240"""
"Cluster 9","","Clustered","Unclustered","1.6666666666666667","1.6666666666666667","""9606.ENSP00000239830""","false","""9606.ENSP00000239830"""
"Cluster 2","","Clustered","Unclustered","17.967391304347824","17.967391304347824","""9606.ENSP00000328236""","false","""9606.ENSP00000328236"""
"Cluster 3","","Seed","Unclustered","17.454545454545453","17.454545454545453","""9606.ENSP00000328174""","false","""9606.ENSP00000328174"""
"","","Unclustered","Unclustered","3.0","3.0","""9606.ENSP00000326603""","false","""9606.ENSP00000326603"""
"Cluster 3","","Clustered","Unclustered","15.896103896103895","15.896103896103895","""9606.ENSP00000325863""","false","""9606.ENSP00000325863"""
"Cluster 5","","Clustered","Unclustered","4.761904761904762","4.761904761904762","""9606.ENSP00000325376""","false","""9606.ENSP00000325376"""
"Cluster 13|Cluster 11","","Clustered","Unclustered","2.0","2.0","""9606.ENSP00000325146""","false","""9606.ENSP00000325146"""
"Cluster 2","","Clustered","Unclustered","18.76923076923077","18.76923076923077","""9606.ENSP00000325017""","false","""9606.ENSP00000325017"""
"","","Unclustered","Unclustered","8.836363636363636","8.836363636363636","""9606.ENSP00000323663""","false","""9606.ENSP00000323663"""
"","","Unclustered","Unclustered","1.0","1.0","""9606.ENSP00000302846""","false","""9606.ENSP00000302846"""
"Cluster 8","","Clustered","Unclustered","3.7333333333333334","3.7333333333333334","""9606.ENSP00000323580""","false","""9606.ENSP00000323580"""
"Cluster 3","","Clustered","Unclustered","16.0","16.0","""9606.ENSP00000323421""","false","""9606.ENSP00000323421"""
"Cluster 4","","Clustered","Unclustered","12.133333333333333","12.133333333333333","""9606.ENSP00000323099""","false","""9606.ENSP00000323099"""
"Cluster 6","","Clustered","Unclustered","21.486666666666668","21.486666666666668","""9606.ENSP00000322570""","false","""9606.ENSP00000322570"""
"Cluster 2","","Clustered","Unclustered","18.741935483870968","18.741935483870968","""9606.ENSP00000322180""","false","""9606.ENSP00000322180"""
"Cluster 1","Cluster 1","Clustered","Clustered","31.47147147147147","31.47147147147147","""9606.ENSP00000321744""","true","""9606.ENSP00000321744"""
"Cluster 1","Cluster 1","Clustered","Clustered","29.829545454545453","29.829545454545453","""9606.ENSP00000320147""","true","""9606.ENSP00000320147"""
"Cluster 4","","Clustered","Unclustered","12.092307692307692","12.092307692307692","""9606.ENSP00000317039""","false","""9606.ENSP00000317039"""
"","","Unclustered","Unclustered","6.0","6.0","""9606.ENSP00000316681""","false","""9606.ENSP00000316681"""
"Cluster 6","","Clustered","Unclustered","20.486772486772487","20.486772486772487","""9606.ENSP00000315644""","false","""9606.ENSP00000315644"""
"Cluster 8","","Seed","Unclustered","3.7333333333333334","3.7333333333333334","""9606.ENSP00000281142""","false","""9606.ENSP00000281142"""
"","","Unclustered","Unclustered","10.85897435897436","10.85897435897436","""9606.ENSP00000313851""","false","""9606.ENSP00000313851"""
"","","Unclustered","Unclustered","2.8030303030303028","2.8030303030303028","""9606.ENSP00000313199""","false","""9606.ENSP00000313199"""
"Cluster 6","","Clustered","Unclustered","20.543478260869566","20.543478260869566","""9606.ENSP00000313171""","false","""9606.ENSP00000313171"""
"","","Unclustered","Unclustered","1.0","1.0","""9606.ENSP00000310873""","false","""9606.ENSP00000310873"""
"Cluster 4","","Seed","Unclustered","12.935672514619883","12.935672514619883","""9606.ENSP00000310356""","false","""9606.ENSP00000310356"""
"","","Unclustered","Unclustered","5.0","5.0","""9606.ENSP00000309595""","false","""9606.ENSP00000309595"""
"Cluster 3","","Clustered","Unclustered","15.38961038961039","15.38961038961039","""9606.ENSP00000307288""","false","""9606.ENSP00000307288"""
"Cluster 3","","Clustered","Unclustered","16.54263565891473","16.54263565891473","""9606.ENSP00000305480""","false","""9606.ENSP00000305480"""
"Cluster 6","","Clustered","Unclustered","24.193548387096776","24.193548387096776","""9606.ENSP00000301280""","false","""9606.ENSP00000301280"""
"Cluster 2","","Clustered","Unclustered","19.729032258064514","19.729032258064514","""9606.ENSP00000300738""","false","""9606.ENSP00000300738"""
"Cluster 5","","Clustered","Unclustered","4.761904761904762","4.761904761904762","""9606.ENSP00000300413""","false","""9606.ENSP00000300413"""
"","","Unclustered","Unclustered","11.868131868131869","11.868131868131869","""9606.ENSP00000299821""","false","""9606.ENSP00000299821"""
"","","Unclustered","Unclustered","1.6666666666666667","1.6666666666666667","""9606.ENSP00000237612""","false","""9606.ENSP00000237612"""
"Cluster 14|Cluster 12","","Clustered","Unclustered","2.0","2.0","""9606.ENSP00000298281""","false","""9606.ENSP00000298281"""
"","","Unclustered","Unclustered","6.1090909090909085","6.1090909090909085","""9606.ENSP00000296503""","false","""9606.ENSP00000296503"""
"","","Unclustered","Unclustered","7.0","7.0","""9606.ENSP00000295746""","false","""9606.ENSP00000295746"""
"","","Unclustered","Unclustered","21.0","21.0","""9606.ENSP00000290130""","false","""9606.ENSP00000290130"""
"Cluster 1","Cluster 1","Clustered","Clustered","31.423423423423422","31.423423423423422","""9606.ENSP00000289316""","true","""9606.ENSP00000289316"""
"Cluster 12|Cluster 14","","Seed","Unclustered","2.0","2.0","""9606.ENSP00000288840""","false","""9606.ENSP00000288840"""
"","","Unclustered","Unclustered","6.0","6.0","""9606.ENSP00000255674""","false","""9606.ENSP00000255674"""
"","","Unclustered","Unclustered","0.5","0.5","""9606.ENSP00000253669""","false","""9606.ENSP00000253669"""
"Cluster 7","","Clustered","Unclustered","5.2","5.2","""9606.ENSP00000287482""","false","""9606.ENSP00000287482"""
"Cluster 4","","Clustered","Unclustered","11.086770981507822","11.086770981507822","""9606.ENSP00000287394""","false","""9606.ENSP00000287394"""
"","","Unclustered","Unclustered","4.0","4.0","""9606.ENSP00000287380""","false","""9606.ENSP00000287380"""
"Cluster 13|Cluster 11","","Clustered","Unclustered","2.0","2.0","""9606.ENSP00000286614""","false","""9606.ENSP00000286614"""
"Cluster 2","","Clustered","Unclustered","19.058823529411764","19.058823529411764","""9606.ENSP00000286398""","false","""9606.ENSP00000286398"""
"","","Unclustered","Unclustered","2.7","2.7","""9606.ENSP00000286031""","false","""9606.ENSP00000286031"""
"Cluster 3","","Clustered","Unclustered","15.625730994152047","15.625730994152047","""9606.ENSP00000281453""","false","""9606.ENSP00000281453"""
"","","Unclustered","Unclustered","5.0","5.0","""9606.ENSP00000279392""","false","""9606.ENSP00000279392"""
"","","Unclustered","Unclustered","14.0","14.0","""9606.ENSP00000278612""","false","""9606.ENSP00000278612"""
"Cluster 1","Cluster 1","Clustered","Clustered","30.941287878787875","30.941287878787875","""9606.ENSP00000278412""","true","""9606.ENSP00000278412"""
"","","Unclustered","Unclustered","6.611111111111111","6.611111111111111","""9606.ENSP00000276893""","false","""9606.ENSP00000276893"""
"","","Unclustered","Unclustered","10.85897435897436","10.85897435897436","""9606.ENSP00000275053""","false","""9606.ENSP00000275053"""
"","","Unclustered","Unclustered","0.4","0.4","""9606.ENSP00000275034""","false","""9606.ENSP00000275034"""
"Cluster 1","Cluster 1","Clustered","Clustered","26.0","26.0","""9606.ENSP00000273853""","true","""9606.ENSP00000273853"""
"","","Unclustered","Unclustered","8.0","8.0","""9606.ENSP00000216024""","false","""9606.ENSP00000216024"""
"Cluster 3","","Clustered","Unclustered","15.583333333333332","15.583333333333332","""9606.ENSP00000267430""","false","""9606.ENSP00000267430"""
"Cluster 5","","Seed","Unclustered","5.0","5.0","""9606.ENSP00000265866""","false","""9606.ENSP00000265866"""
"Cluster 5","","Clustered","Unclustered","4.761904761904762","4.761904761904762","""9606.ENSP00000266735""","false","""9606.ENSP00000266735"""
"Cluster 2","","Clustered","Unclustered","18.056818181818183","18.056818181818183","""9606.ENSP00000265465""","false","""9606.ENSP00000265465"""
"Cluster 11|Cluster 13","","Seed","Unclustered","2.0","2.0","""9606.ENSP00000265362""","false","""9606.ENSP00000265362"""
"Cluster 3","","Clustered","Unclustered","14.705882352941176","14.705882352941176","""9606.ENSP00000265140""","false","""9606.ENSP00000265140"""
"Cluster 14|Cluster 12","","Clustered","Unclustered","2.0","2.0","""9606.ENSP00000265097""","false","""9606.ENSP00000265097"""
"Cluster 1","Cluster 1","Clustered","Clustered","26.96470588235294","26.96470588235294","""9606.ENSP00000265056""","true","""9606.ENSP00000265056"""
"Cluster 3","","Clustered","Unclustered","16.38","16.38","""9606.ENSP00000264926""","false","""9606.ENSP00000264926"""
"","","Unclustered","Unclustered","0.6666666666666666","0.6666666666666666","""9606.ENSP00000264144""","false","""9606.ENSP00000264144"""
"","","Unclustered","Unclustered","22.0","22.0","""9606.ENSP00000264010""","false","""9606.ENSP00000264010"""
"Cluster 3","","Clustered","Unclustered","15.295566502463055","15.295566502463055","""9606.ENSP00000263681""","false","""9606.ENSP00000263681"""
"Cluster 3","","Clustered","Unclustered","16.78745644599303","16.78745644599303","""9606.ENSP00000263274""","false","""9606.ENSP00000263274"""
"","","Unclustered","Unclustered","9.130718954248367","9.130718954248367","""9606.ENSP00000263181""","false","""9606.ENSP00000263181"""
"Cluster 13|Cluster 11","","Clustered","Unclustered","2.0","2.0","""9606.ENSP00000262915""","false","""9606.ENSP00000262915"""
"Cluster 13|Cluster 11","","Clustered","Unclustered","1.6666666666666667","1.6666666666666667","""9606.ENSP00000262551""","false","""9606.ENSP00000262551"""
"Cluster 14|Cluster 12","","Seed","Unclustered","2.0","2.0","""9606.ENSP00000261600""","false","""9606.ENSP00000261600"""
"Cluster 2","","Clustered","Unclustered","19.68379446640316","19.68379446640316","""9606.ENSP00000260810""","false","""9606.ENSP00000260810"""
"","","Unclustered","Unclustered","3.0","3.0","""9606.ENSP00000257181""","false","""9606.ENSP00000257181"""
"Cluster 1","Cluster 1","Clustered","Clustered","27.604838709677416","27.604838709677416","""9606.ENSP00000255120""","true","""9606.ENSP00000255120"""
"","","Unclustered","Unclustered","4.0","4.0","""9606.ENSP00000013070""","false","""9606.ENSP00000013070"""
"","","Unclustered","Unclustered","6.533333333333333","6.533333333333333","""9606.ENSP00000249776""","false","""9606.ENSP00000249776"""
"","","Unclustered","Unclustered","5.785714285714286","5.785714285714286","""9606.ENSP00000245960""","false","""9606.ENSP00000245960"""
"","","Unclustered","Unclustered","0.6666666666666666","0.6666666666666666","""9606.ENSP00000223642""","false","""9606.ENSP00000223642"""
"Cluster 1","Cluster 1","Clustered","Clustered","28.8752688172043","28.8752688172043","""9606.ENSP00000244573""","true","""9606.ENSP00000244573"""
"","","Unclustered","Unclustered","6.419117647058823","6.419117647058823","""9606.ENSP00000243326""","false","""9606.ENSP00000243326"""
"Cluster 1","Cluster 1","Seed","Clustered","32.29587482219061","32.29587482219061","""9606.ENSP00000244537""","true","""9606.ENSP00000244537"""
"","","Unclustered","Unclustered","1.0","1.0","""9606.ENSP00000243347""","false","""9606.ENSP00000243347"""
"","","Unclustered","Unclustered","1.0","1.0","""9606.ENSP00000240662""","false","""9606.ENSP00000240662"""
"Cluster 6","","Clustered","Unclustered","21.486666666666668","21.486666666666668","""9606.ENSP00000233146""","false","""9606.ENSP00000233146"""
"","","Unclustered","Unclustered","7.644444444444445","7.644444444444445","""9606.ENSP00000231498""","false","""9606.ENSP00000231498"""
"Cluster 4","","Clustered","Unclustered","11.314285714285713","11.314285714285713","""9606.ENSP00000229769""","false","""9606.ENSP00000229769"""
"","","Unclustered","Unclustered","2.4","2.4","""9606.ENSP00000229179""","false","""9606.ENSP00000229179"""
"","","Unclustered","Unclustered","0.3333333333333333","0.3333333333333333","""9606.ENSP00000222390""","false","""9606.ENSP00000222390"""
"Cluster 13|Cluster 11","","Seed","Unclustered","2.0","2.0","""9606.ENSP00000052754""","false","""9606.ENSP00000052754"""
"Cluster 3","","Clustered","Unclustered","14.822510822510823","14.822510822510823","""9606.ENSP00000219097""","false","""9606.ENSP00000219097"""
"","","Unclustered","Unclustered","5.785714285714286","5.785714285714286","""9606.ENSP00000216639""","false","""9606.ENSP00000216639"""
"Cluster 3","","Clustered","Unclustered","16.62878787878788","16.62878787878788","""9606.ENSP00000216911""","false","""9606.ENSP00000216911"""
"Cluster 1","Cluster 1","Clustered","Clustered","31.885918003565063","31.885918003565063","""9606.ENSP00000216297""","true","""9606.ENSP00000216297"""
"Cluster 1","Cluster 1","Clustered","Clustered","27.935632183908044","27.935632183908044","""9606.ENSP00000209875""","true","""9606.ENSP00000209875"""
"Cluster 4","","Clustered","Unclustered","11.494736842105263","11.494736842105263","""9606.ENSP00000160827""","false","""9606.ENSP00000160827"""
"Cluster 1","Cluster 1","Clustered","Clustered","26.93349753694581","26.93349753694581","""9606.ENSP00000209728""","true","""9606.ENSP00000209728"""
"Cluster 6","","Clustered","Unclustered","21.486666666666668","21.486666666666668","""9606.ENSP00000055077""","false","""9606.ENSP00000055077"""
